_n,w,Average fitness,Average fitness deviation,Fitness median,Maximum fitness,Minimum fitness,Standard fitness deviation,Fitness range,Selection,Crossover,Mutation
0,1,20.85,6.54,20.05,35.2,10.15,7.89,25.05,Random,Uniform,Uniform
1,2,24.84,7.7,27.2,43.45,10.87,9.11,32.58,Random,Uniform,Uniform
2,3,24.64,5.87,21.38,31.2,11.3,6.52,19.9,Random,Uniform,Uniform
3,4,23.62,6.06,21.15,31.3,11.15,7,20.15,Random,Uniform,Uniform
4,5,22.59,6.04,21.15,31.3,1,8,30.3,Random,Uniform,Uniform
5,6,21.54,5.78,21.08,31.3,1,8.71,30.3,Random,Uniform,Uniform
6,7,23.1,6.49,21.15,31.3,0.85,8.21,30.45,Random,Uniform,Uniform
7,8,24.14,4.92,21.23,31.3,11.15,5.59,20.15,Random,Uniform,Uniform
8,9,24.64,5.9,21.23,31.3,11,6.6,20.3,Random,Uniform,Uniform
9,10,22.14,5.45,21.15,31.3,11,7.08,20.3,Random,Uniform,Uniform
10,11,23.68,6.05,21.3,31.3,10.85,7.08,20.45,Random,Uniform,Uniform
11,12,24.17,4.94,21.3,31.3,10.85,5.64,20.45,Random,Uniform,Uniform
12,13,24.72,5.24,21.3,31.3,11,5.77,20.3,Random,Uniform,Uniform
13,14,24.21,5.64,21.3,31.3,10.85,6.48,20.45,Random,Uniform,Uniform
14,15,23.73,5.28,21.3,31.3,11,6.29,20.3,Random,Uniform,Uniform
15,16,22.73,5.14,21.3,31.3,11,6.62,20.3,Random,Uniform,Uniform
16,17,20.2,3.68,21.3,31.15,11,5.45,20.15,Random,Uniform,Uniform
17,18,20.72,1.94,21.3,31.15,11,3.89,20.15,Random,Uniform,Uniform
18,19,19.11,4.06,21.08,31.15,11,5.16,20.15,Random,Uniform,Uniform
19,20,17.61,4.63,21,21.3,11,4.85,10.3,Random,Uniform,Uniform
20,1,17.68,4.77,15.43,26.9,10.5,5.1,16.4,Random,Uniform, Gaussian
21,2,88.4,125.24,21.15,340.8,11.15,287.55,329.65,Random,Uniform, Gaussian
22,3,23.7,5.96,21.3,31.15,11.3,6.91,19.85,Random,Uniform, Gaussian
23,4,21.68,5.73,21.15,31.45,10.85,7.44,20.6,Random,Uniform, Gaussian
24,5,17.61,5.9,20.85,31.45,10.85,6.61,20.6,Random,Uniform, Gaussian
25,6,18.11,6.69,21.15,31.45,1,7.9,30.45,Random,Uniform, Gaussian
26,7,17.16,6.97,21.2,31.15,0.85,8.13,30.3,Random,Uniform, Gaussian
27,8,17.2,7.72,11.35,31.45,0.85,8.72,30.6,Random,Uniform, Gaussian
28,9,15.71,7.56,16.15,31.45,0.85,8.71,30.6,Random,Uniform, Gaussian
29,10,17.25,5.88,21.15,31.15,1.25,6.69,29.9,Random,Uniform, Gaussian
30,11,17.19,5.85,21,31.15,1.25,6.66,29.9,Random,Uniform, Gaussian
31,12,15.71,6.68,21.15,21.45,1.25,7.45,20.2,Random,Uniform, Gaussian
32,13,14.17,6.01,11.25,31.15,0.85,7.24,30.3,Random,Uniform, Gaussian
33,14,16.71,6.51,21.15,31.15,0.85,7.5,30.3,Random,Uniform, Gaussian
34,15,17.1,6.52,21.15,31.15,0.85,7.45,30.3,Random,Uniform, Gaussian
35,16,17.12,6.49,21,31.15,1.25,7.41,29.9,Random,Uniform, Gaussian
36,17,19.68,6.12,21.15,31.45,1.25,7.94,30.2,Random,Uniform, Gaussian
37,18,22.7,6.01,21.15,31.45,10.85,7.32,20.6,Random,Uniform, Gaussian
38,19,21.77,2.84,21.45,31.45,10.85,5.03,20.6,Random,Uniform, Gaussian
39,20,21.79,3.84,21.45,31.45,10.85,5.99,20.6,Random,Uniform, Gaussian
40,1,17.27,5.39,17.93,24.55,6.11,5.73,18.44,Random,Uniform,Flipbit
41,2,17.57,6.86,13.29,35.22,9,8.2,26.22,Random,Uniform,Flipbit
42,3,19.34,5.19,20.32,29.35,11.2,5.98,18.15,Random,Uniform,Flipbit
43,4,18.35,5.12,16.14,32.05,11.4,6.07,20.65,Random,Uniform,Flipbit
44,5,18.51,5.24,16.2,37.08,11.37,6.35,25.71,Random,Uniform,Flipbit
45,6,18.37,6.35,14.49,34.47,11.45,7.28,23.02,Random,Uniform,Flipbit
46,7,18.91,7.02,15.07,51.19,11.15,9.57,40.04,Random,Uniform,Flipbit
47,8,18.41,5.34,19.16,31.82,11.3,5.94,20.52,Random,Uniform,Flipbit
48,9,19.62,5.19,19.25,31.55,12.37,6.03,19.18,Random,Uniform,Flipbit
49,10,22.29,8.78,22.43,51.75,4.27,11.12,47.48,Random,Uniform,Flipbit
50,11,21.71,5.99,21.56,42.54,11.85,8.14,30.69,Random,Uniform,Flipbit
51,12,21.19,5.21,21.53,35.11,11.46,6.53,23.65,Random,Uniform,Flipbit
52,13,19.61,6.69,19.32,36.74,3.97,7.97,32.77,Random,Uniform,Flipbit
53,14,19.08,6.2,15.04,36.79,11.71,7.12,25.08,Random,Uniform,Flipbit
54,15,19.33,5.66,19.84,33.94,11.3,6.62,22.64,Random,Uniform,Flipbit
55,16,20.7,4.92,21.71,40.14,11.15,6.81,28.99,Random,Uniform,Flipbit
56,17,19.58,6.87,16.22,37.1,11.32,7.98,25.78,Random,Uniform,Flipbit
57,18,17.88,4.82,16.72,37.05,11.13,6.12,25.92,Random,Uniform,Flipbit
58,19,17.49,4.86,15.02,28.52,11.46,5.24,17.06,Random,Uniform,Flipbit
59,20,19.01,5.07,17.38,32.1,10.44,6.09,21.66,Random,Uniform,Flipbit
60,1,20.02,5.96,21.53,37.4,10.75,6.94,26.65,Random,Twopoint,Uniform
61,2,23.21,6.89,22.95,44.4,8.2,9,36.2,Random,Twopoint,Uniform
62,3,23.13,6.42,23.3,31.15,11.45,7.47,19.7,Random,Twopoint,Uniform
63,4,26.61,8.44,31.15,45.55,1.25,10.94,44.3,Random,Twopoint,Uniform
64,5,25.67,7.65,31.15,31.15,1.25,9.21,29.9,Random,Twopoint,Uniform
65,6,23.11,8.82,31.01,31.15,1.25,10.32,29.9,Random,Twopoint,Uniform
66,7,23.68,8.19,31.01,31.15,1.25,9.88,29.9,Random,Twopoint,Uniform
67,8,22.2,7.19,21.15,31.45,1.25,8.86,30.2,Random,Twopoint,Uniform
68,9,17.69,6.53,21.15,31.15,1.25,7.9,29.9,Random,Twopoint,Uniform
69,10,19.19,4.97,21.15,31.15,1.25,6.75,29.9,Random,Twopoint,Uniform
70,11,19.76,4.34,21.15,31.15,1.25,6.48,29.9,Random,Twopoint,Uniform
71,12,19.73,3.37,21.15,31.15,10.85,4.73,20.3,Random,Twopoint,Uniform
72,13,20.26,1.76,21.15,21.45,11.45,2.94,10,Random,Twopoint,Uniform
73,14,19.24,3.18,21.15,21.45,10.85,3.97,10.6,Random,Twopoint,Uniform
74,15,18.24,4.13,21.15,21.45,10.85,4.51,10.6,Random,Twopoint,Uniform
75,16,20.18,2.65,21.15,31.15,11.15,4.3,20,Random,Twopoint,Uniform
76,17,20.18,2.65,21.15,31.15,11.15,4.3,20,Random,Twopoint,Uniform
77,18,19.2,4.74,21.15,31.15,11.15,5.94,20,Random,Twopoint,Uniform
78,19,20.68,2.8,21.15,31.15,11.15,4.92,20,Random,Twopoint,Uniform
79,20,22.17,2.7,21.15,31.15,11.45,4.32,19.7,Random,Twopoint,Uniform
80,1,20,6.51,21.2,34.57,9.85,7.52,24.72,Random,Twopoint,Flipbit
81,2,17.25,4.53,16.36,30.29,7.4,5.45,22.89,Random,Twopoint,Flipbit
82,3,15.9,4.08,13.85,25.14,11.25,4.48,13.89,Random,Twopoint,Flipbit
83,4,20.23,5.09,21.01,35.59,11.2,6.46,24.39,Random,Twopoint,Flipbit
84,5,19.64,7.47,20.66,36.52,0.77,8.96,35.75,Random,Twopoint,Flipbit
85,6,18.48,5.73,16.32,44.02,9.3,7.92,34.72,Random,Twopoint,Flipbit
86,7,17.83,6.09,15.13,38.32,4.25,7.95,34.07,Random,Twopoint,Flipbit
87,8,17.83,6.07,17.1,33.5,2.02,7.76,31.48,Random,Twopoint,Flipbit
88,9,17.89,6.79,16.06,34.75,2.26,8.66,32.49,Random,Twopoint,Flipbit
89,10,16.06,4.26,14.07,36.35,11.15,6.21,25.2,Random,Twopoint,Flipbit
90,11,16.98,4.38,14.68,34.92,11.65,5.75,23.27,Random,Twopoint,Flipbit
91,12,18.63,5.33,19.59,33.17,11.38,5.98,21.79,Random,Twopoint,Flipbit
92,13,17.94,4.72,15.05,34.9,12.68,5.82,22.22,Random,Twopoint,Flipbit
93,14,17.27,4.39,15.98,30.75,11.07,5.27,19.68,Random,Twopoint,Flipbit
94,15,17.95,5.55,15.96,31.82,11.57,6.44,20.25,Random,Twopoint,Flipbit
95,16,15.58,2.5,14.9,23.06,11.07,3.32,11.99,Random,Twopoint,Flipbit
96,17,17.32,3.32,16.59,26.89,11.38,4.06,15.51,Random,Twopoint,Flipbit
97,18,17.49,3.66,15.98,29.78,11.62,4.49,18.16,Random,Twopoint,Flipbit
98,19,19.01,4.51,18.33,32.3,11.38,5.9,20.92,Random,Twopoint,Flipbit
99,20,18.75,5.23,16.38,35.77,12.37,6.46,23.4,Random,Twopoint,Flipbit
100,1,16.91,4.76,15.73,28.4,10.65,5.61,17.75,Random,Twopoint,Gaussian
101,2,20.77,5.27,19.34,37.67,12.2,6.23,25.47,Random,Twopoint,Gaussian
102,3,25.75,9.11,22.64,83.57,12.2,14.95,71.37,Random,Twopoint,Gaussian
103,4,25.99,5.62,28.32,35.95,11.45,6.57,24.5,Random,Twopoint,Gaussian
104,5,27.66,5.64,31.15,37.67,10.87,6.5,26.8,Random,Twopoint,Gaussian
105,6,28.11,4.17,31.15,31.15,21.15,4.56,10,Random,Twopoint,Gaussian
106,7,27.11,4.77,30.87,31.15,21.15,4.87,10,Random,Twopoint,Gaussian
107,8,28.55,3.76,31.01,31.15,20.85,4.34,10.3,Random,Twopoint,Gaussian
108,9,29.08,3.2,31.15,31.15,20.87,4,10.28,Random,Twopoint,Gaussian
109,10,28.12,4.18,31.15,31.15,21.15,4.56,10,Random,Twopoint,Gaussian
110,11,28.15,4.2,31.15,31.15,21.15,4.58,10,Random,Twopoint,Gaussian
111,12,28.65,3.75,31.15,31.15,21.15,4.33,10,Random,Twopoint,Gaussian
112,13,27.15,4.8,31.15,31.15,21.15,4.9,10,Random,Twopoint,Gaussian
113,14,27.15,4.8,31.15,31.15,21.15,4.9,10,Random,Twopoint,Gaussian
114,15,26.65,4.95,31.15,31.15,21.15,4.97,10,Random,Twopoint,Gaussian
115,16,25.65,4.95,21.15,31.15,21.15,4.97,10,Random,Twopoint,Gaussian
116,17,25.15,4.8,21.15,31.15,21.15,4.9,10,Random,Twopoint,Gaussian
117,18,27.15,4.8,31.15,31.15,21.15,4.9,10,Random,Twopoint,Gaussian
118,19,26.65,4.95,31.15,31.15,21.15,4.97,10,Random,Twopoint,Gaussian
119,20,24.15,4.2,21.15,31.15,21.15,4.58,10,Random,Twopoint,Gaussian
120,1,16.5,4.39,15.25,33.1,9.15,5.69,23.95,Random,Onepoint,Uniform
121,2,19.29,5.69,17.43,32.5,11.3,6.8,21.2,Random,Onepoint,Uniform
122,3,19.17,6.29,17.18,33.1,10.7,7.53,22.4,Random,Onepoint,Uniform
123,4,27.99,5.74,31.15,51.55,13.1,8.1,38.45,Random,Onepoint,Uniform
124,5,24.88,6.4,28.65,31.15,10.6,7.24,20.55,Random,Onepoint,Uniform
125,6,25.65,7.69,31.15,31.15,1.25,9.19,29.9,Random,Onepoint,Uniform
126,7,26.62,5.89,31.15,31.15,11.45,6.67,19.7,Random,Onepoint,Uniform
127,8,27.09,5.28,31.15,31.15,11.45,5.87,19.7,Random,Onepoint,Uniform
128,9,27.54,4.68,31.15,31.15,20.85,4.91,10.3,Random,Onepoint,Uniform
129,10,25.49,5.1,20.85,31.15,20.85,5.12,10.3,Random,Onepoint,Uniform
130,11,23.96,4.31,20.85,31.15,20.85,4.71,10.3,Random,Onepoint,Uniform
131,12,24.46,4.69,20.85,31.15,20.85,4.91,10.3,Random,Onepoint,Uniform
132,13,21.88,1.85,20.85,31.15,20.85,3.09,10.3,Random,Onepoint,Uniform
133,14,21.88,1.85,20.85,31.15,20.85,3.09,10.3,Random,Onepoint,Uniform
134,15,21.88,1.85,20.85,31.15,20.85,3.09,10.3,Random,Onepoint,Uniform
135,16,21.88,1.85,20.85,31.15,20.85,3.09,10.3,Random,Onepoint,Uniform
136,17,22.4,2.63,20.85,31.15,20.85,3.68,10.3,Random,Onepoint,Uniform
137,18,22.91,3.3,20.85,31.15,20.85,4.12,10.3,Random,Onepoint,Uniform
138,19,21.37,0.98,20.85,31.15,20.85,2.24,10.3,Random,Onepoint,Uniform
139,20,20.85,0,20.85,20.85,20.85,0,0,Random,Onepoint,Uniform
140,1,17.36,4.36,16.74,24.55,10.05,4.85,14.5,Random,Onepoint,Flipbit
141,2,18.75,7.2,17.23,35.58,5.34,8.4,30.24,Random,Onepoint,Flipbit
142,3,18.21,7.33,16.62,45.32,4.91,9.65,40.41,Random,Onepoint,Flipbit
143,4,20.82,7.55,20.57,47.5,8.12,9.51,39.38,Random,Onepoint,Flipbit
144,5,25.03,8.52,24.5,44.31,11.07,10.53,33.24,Random,Onepoint,Flipbit
145,6,22.74,9.96,21.12,46.04,3.67,12.37,42.37,Random,Onepoint,Flipbit
146,7,23.45,9.01,21.82,52.55,11.68,11.56,40.87,Random,Onepoint,Flipbit
147,8,19.16,5.14,17.01,31.67,10.55,5.97,21.12,Random,Onepoint,Flipbit
148,9,20.95,5.99,19.31,41.95,11.5,7.62,30.45,Random,Onepoint,Flipbit
149,10,19.23,5.33,17.17,44.05,11.65,7.47,32.4,Random,Onepoint,Flipbit
150,11,23.61,7.58,21.15,43.54,13.16,9.21,30.38,Random,Onepoint,Flipbit
151,12,25.27,6.55,26.13,40.71,14.17,7.64,26.54,Random,Onepoint,Flipbit
152,13,21.04,5.3,21.17,32.25,11.4,6.27,20.85,Random,Onepoint,Flipbit
153,14,18.84,4.23,17.68,37.95,12.05,5.78,25.9,Random,Onepoint,Flipbit
154,15,17.9,4.6,19.92,26.42,11.2,4.97,15.22,Random,Onepoint,Flipbit
155,16,18.31,5.02,17.5,33.1,12.05,5.98,21.05,Random,Onepoint,Flipbit
156,17,17.92,4.31,16.07,29.82,11.07,5.06,18.75,Random,Onepoint,Flipbit
157,18,22.55,6.12,21.77,41.8,11.95,7.43,29.85,Random,Onepoint,Flipbit
158,19,19.52,5.2,19.05,36.27,11.2,6.49,25.07,Random,Onepoint,Flipbit
159,20,20.27,5.54,19.24,39.3,11.39,7.14,27.91,Random,Onepoint,Flipbit
160,1,20.71,7.1,20.85,38.45,9.9,8.68,28.55,Random,Onepoint,Gaussian
161,2,18.02,6.29,13.7,34.05,10.55,6.89,23.5,Random,Onepoint,Gaussian
162,3,18,5.02,15.05,25.4,12.1,5.23,13.3,Random,Onepoint,Gaussian
163,4,19.44,5.6,19.13,37.75,11.9,6.61,25.85,Random,Onepoint,Gaussian
164,5,20,6.58,15.95,38.3,12.1,7.33,26.2,Random,Onepoint,Gaussian
165,6,16.69,5.11,13.73,38.3,10.2,6.97,28.1,Random,Onepoint,Gaussian
166,7,20.2,7.35,20.65,31.15,9.25,7.71,21.9,Random,Onepoint,Gaussian
167,8,22.36,8.14,24.88,31.15,11.1,8.46,20.05,Random,Onepoint,Gaussian
168,9,22.24,9.45,17.25,43.45,11.45,10,32,Random,Onepoint,Gaussian
169,10,23.38,8.87,30.28,31.15,1.25,9.65,29.9,Random,Onepoint,Gaussian
170,11,28.14,4.79,31.15,31.15,10.87,6.39,20.28,Random,Onepoint,Gaussian
171,12,29.14,3.42,31.15,31.15,10.87,5.15,20.28,Random,Onepoint,Gaussian
172,13,30.15,1.8,31.15,31.15,21.15,3,10,Random,Onepoint,Gaussian
173,14,30.65,0.95,31.15,31.15,21.15,2.18,10,Random,Onepoint,Gaussian
174,15,31.15,0,31.15,31.15,31.15,0,0,Random,Onepoint,Gaussian
175,16,31.15,0,31.15,31.15,31.15,0,0,Random,Onepoint,Gaussian
176,17,31.17,0.03,31.15,31.45,31.15,0.07,0.3,Random,Onepoint,Gaussian
177,18,31.17,0.03,31.15,31.45,31.15,0.07,0.3,Random,Onepoint,Gaussian
178,19,31.17,0.03,31.15,31.45,31.15,0.07,0.3,Random,Onepoint,Gaussian
179,20,31.18,0.05,31.15,31.45,31.15,0.09,0.3,Random,Onepoint,Gaussian
180,1,14.01,3.62,13.28,22.25,6.55,4.48,15.7,Elitism,Uniform,Uniform
181,2,27.81,18.5,19.38,190.6,10.87,38.21,179.73,Elitism,Uniform,Uniform
182,3,25.2,6.55,31.15,31.2,11.07,7.29,20.13,Elitism,Uniform,Uniform
183,4,22.63,4.26,21.2,31.2,10.77,5.8,20.43,Elitism,Uniform,Uniform
184,5,21.09,4.14,21.2,31.2,10.77,6.44,20.43,Elitism,Uniform,Uniform
185,6,20.6,3.92,21.2,31.2,10.77,6.02,20.43,Elitism,Uniform,Uniform
186,7,21.08,6.18,21.2,31.45,0.77,9.08,30.68,Elitism,Uniform,Uniform
187,8,21.12,7.1,21.2,31.45,0.9,9.05,30.55,Elitism,Uniform,Uniform
188,9,20.57,7.82,21.2,31.45,0.85,9.87,30.6,Elitism,Uniform,Uniform
189,10,22.06,8.22,21.2,31.45,0.9,9.57,30.55,Elitism,Uniform,Uniform
190,11,20.05,6.48,20.99,31.45,0.9,8.41,30.55,Elitism,Uniform,Uniform
191,12,16.48,6.57,16,31.45,0.9,7.5,30.55,Elitism,Uniform,Uniform
192,13,16.47,6.57,15.88,31.45,0.9,7.5,30.55,Elitism,Uniform,Uniform
193,14,18.47,5.54,20.9,31.45,0.9,7.07,30.55,Elitism,Uniform,Uniform
194,15,18.98,4.85,20.9,31.45,10.85,6.1,20.6,Elitism,Uniform,Uniform
195,16,19.5,5.17,20.9,31.45,10.85,6.65,20.6,Elitism,Uniform,Uniform
196,17,18.45,5.29,20.9,31.45,10.85,6.32,20.6,Elitism,Uniform,Uniform
197,18,18.94,4.82,20.9,31.45,10.9,6.09,20.55,Elitism,Uniform,Uniform
198,19,18.94,4.83,20.9,31.45,10.85,6.09,20.6,Elitism,Uniform,Uniform
199,20,17.94,5.64,20.9,31.45,10.85,6.49,20.6,Elitism,Uniform,Uniform
200,1,17.72,4.4,18.01,27.8,10.7,5.06,17.1,Elitism,Uniform,Flipbit
201,2,16.53,4.55,13.8,31.84,11.2,5.52,20.64,Elitism,Uniform,Flipbit
202,3,16.34,5.6,12.95,34.69,11.07,7,23.62,Elitism,Uniform,Flipbit
203,4,19.47,5.8,17.49,33.4,11.34,6.52,22.06,Elitism,Uniform,Flipbit
204,5,21.59,7.39,19.79,45.99,11.52,9.17,34.47,Elitism,Uniform,Flipbit
205,6,16.13,4.11,14.32,31.09,11.39,5.21,19.7,Elitism,Uniform,Flipbit
206,7,17.32,5.18,14.54,35.7,11.12,6.79,24.58,Elitism,Uniform,Flipbit
207,8,16.71,4.31,14.88,30.45,11.35,5.1,19.1,Elitism,Uniform,Flipbit
208,9,18.85,5.8,16.88,40.15,11.12,7.37,29.03,Elitism,Uniform,Flipbit
209,10,21.49,7.93,18.73,41.62,11.4,9.5,30.22,Elitism,Uniform,Flipbit
210,11,24.95,8.64,22.22,61.35,11.15,11.54,50.2,Elitism,Uniform,Flipbit
211,12,24.68,5.04,23.74,38.94,11.76,6.69,27.18,Elitism,Uniform,Flipbit
212,13,18.61,6.9,13.81,36.05,11.25,7.81,24.8,Elitism,Uniform,Flipbit
213,14,18.4,4.13,17.93,31.47,11.09,5.09,20.38,Elitism,Uniform,Flipbit
214,15,20.29,6.15,20.84,31.69,11.34,7.03,20.35,Elitism,Uniform,Flipbit
215,16,17.21,5.97,13.65,45.22,11.07,8.01,34.15,Elitism,Uniform,Flipbit
216,17,18.3,5.7,15.27,32.84,11.07,6.7,21.77,Elitism,Uniform,Flipbit
217,18,18.15,6.03,14.69,45.75,11.3,8.09,34.45,Elitism,Uniform,Flipbit
218,19,17.78,3.32,17.96,24.65,12,3.81,12.65,Elitism,Uniform,Flipbit
219,20,19.69,5.99,19.5,40.7,11.79,7.75,28.91,Elitism,Uniform,Flipbit
220,1,22.07,5.4,23.05,34.3,10.01,6.93,24.29,Elitism,Uniform,Gaussian
221,2,26.02,6.64,30.62,35.25,7.91,7.82,27.34,Elitism,Uniform,Gaussian
222,3,29.6,5.99,30.97,73.38,20.85,11.07,52.53,Elitism,Uniform,Gaussian
223,4,24.92,6.63,30.09,31.15,10.85,7.39,20.3,Elitism,Uniform,Gaussian
224,5,24.55,6.61,26.15,31.2,10.85,7.38,20.35,Elitism,Uniform,Gaussian
225,6,24.55,5.95,21.15,31.2,10.85,6.64,20.35,Elitism,Uniform,Gaussian
226,7,25.59,6.67,31.15,31.2,10.85,7.5,20.35,Elitism,Uniform,Gaussian
227,8,24.56,7.25,31.15,31.2,0.85,8.64,30.35,Elitism,Uniform,Gaussian
228,9,25.08,6.68,31.15,31.2,10.85,7.45,20.35,Elitism,Uniform,Gaussian
229,10,22.5,6.06,20.85,31.2,10.85,7.36,20.35,Elitism,Uniform,Gaussian
230,11,22.52,6.05,21,31.2,10.85,7.36,20.35,Elitism,Uniform,Gaussian
231,12,19.97,7.36,20.85,31.2,0.85,8.99,30.35,Elitism,Uniform,Gaussian
232,13,17.91,7.36,20.85,31.2,0.85,8.52,30.35,Elitism,Uniform,Gaussian
233,14,19.94,6.36,20.85,31.2,10.85,7.79,20.35,Elitism,Uniform,Gaussian
234,15,20.46,6.73,20.85,31.2,10.85,8.17,20.35,Elitism,Uniform,Gaussian
235,16,19.96,8.2,20.85,31.2,10.85,9.02,20.35,Elitism,Uniform,Gaussian
236,17,18.94,6.47,20.85,31.2,10.85,7.59,20.35,Elitism,Uniform,Gaussian
237,18,20.43,3.83,20.85,31.2,10.85,5.98,20.35,Elitism,Uniform,Gaussian
238,19,20.44,3.84,20.85,31.2,10.85,5.98,20.35,Elitism,Uniform,Gaussian
239,20,18.91,6.45,20.85,31.2,10.85,7.58,20.35,Elitism,Uniform,Gaussian
240,1,19.48,6.04,20.8,37.95,9.95,7.17,28,Elitism,Twopoint,Uniform
241,2,34.65,24.14,23.02,263.65,8.25,53.35,255.4,Elitism,Twopoint,Uniform
242,3,24.98,6.08,26.55,36.35,7,7.65,29.35,Elitism,Twopoint,Uniform
243,4,28.3,4.13,31.11,37.85,10.65,6.27,27.2,Elitism,Twopoint,Uniform
244,5,31.02,2.69,31.15,42.45,22.85,4.43,19.6,Elitism,Twopoint,Uniform
245,6,28.19,3.95,31.15,35.05,19.5,4.44,15.55,Elitism,Twopoint,Uniform
246,7,30.32,1.86,31.15,35.05,20.85,3.22,14.2,Elitism,Twopoint,Uniform
247,8,31.14,0.03,31.15,31.15,30.87,0.06,0.28,Elitism,Twopoint,Uniform
248,9,30.64,0.98,31.15,31.15,20.85,2.24,10.3,Elitism,Twopoint,Uniform
249,10,30.64,0.98,31.15,31.15,20.85,2.24,10.3,Elitism,Twopoint,Uniform
250,11,29.61,2.63,31.15,31.15,20.85,3.68,10.3,Elitism,Twopoint,Uniform
251,12,28.58,3.86,31.15,31.15,20.85,4.46,10.3,Elitism,Twopoint,Uniform
252,13,30.12,1.85,31.15,31.15,20.85,3.09,10.3,Elitism,Twopoint,Uniform
253,14,30.64,0.98,31.15,31.15,20.85,2.24,10.3,Elitism,Twopoint,Uniform
254,15,31.16,0.01,31.15,31.3,31.15,0.03,0.15,Elitism,Twopoint,Uniform
255,16,31.16,0.01,31.15,31.3,31.15,0.03,0.15,Elitism,Twopoint,Uniform
256,17,31.16,0.01,31.15,31.3,31.15,0.03,0.15,Elitism,Twopoint,Uniform
257,18,31.16,0.01,31.15,31.3,31.15,0.03,0.15,Elitism,Twopoint,Uniform
258,19,30.66,0.95,31.15,31.3,21.15,2.18,10.15,Elitism,Twopoint,Uniform
259,20,31.16,0.01,31.15,31.3,31.15,0.03,0.15,Elitism,Twopoint,Uniform
260,1,19.73,4.58,21.15,30.35,8.5,5.36,21.85,Elitism,Twopoint,Flipbit
261,2,16.24,5.4,13.95,30.65,6.09,6.2,24.56,Elitism,Twopoint,Flipbit
262,3,19.09,6.74,17.13,33.83,6.82,7.83,27.01,Elitism,Twopoint,Flipbit
263,4,21.41,6.01,21.9,32.4,11.07,7.14,21.33,Elitism,Twopoint,Flipbit
264,5,20.83,6.1,21.31,42.45,11.35,7.88,31.1,Elitism,Twopoint,Flipbit
265,6,17.2,5.76,13.98,35.04,8.26,6.92,26.78,Elitism,Twopoint,Flipbit
266,7,20.56,6.51,16.56,45.54,11.11,8.35,34.43,Elitism,Twopoint,Flipbit
267,8,19.01,4.98,17.9,37.05,4.8,6.66,32.25,Elitism,Twopoint,Flipbit
268,9,19.92,6.31,18,41.04,9.6,8.21,31.44,Elitism,Twopoint,Flipbit
269,10,18.55,3.96,20.2,24.52,11.35,4.39,13.17,Elitism,Twopoint,Flipbit
270,11,18.9,6.04,15.73,35.76,11.6,7.04,24.16,Elitism,Twopoint,Flipbit
271,12,17.88,5.06,15.47,31.35,11.85,6,19.5,Elitism,Twopoint,Flipbit
272,13,17.39,4.22,15.4,33.86,11.65,5.38,22.21,Elitism,Twopoint,Flipbit
273,14,16.85,3.72,15.87,31.5,11.5,4.95,20,Elitism,Twopoint,Flipbit
274,15,18.61,4.52,18.55,37.3,11.47,5.93,25.83,Elitism,Twopoint,Flipbit
275,16,23.09,5.91,21.78,57.5,12.39,9.43,45.11,Elitism,Twopoint,Flipbit
276,17,23.06,6.88,20.85,57.73,12,9.89,45.73,Elitism,Twopoint,Flipbit
277,18,20.48,6.16,18.71,47.78,11.47,8.57,36.31,Elitism,Twopoint,Flipbit
278,19,21.9,6.67,21.8,39.45,11.11,8.53,28.34,Elitism,Twopoint,Flipbit
279,20,17.75,6.41,14.4,33.52,1.15,7.55,32.37,Elitism,Twopoint,Flipbit
280,1,19.5,7.49,18.2,33.95,9.25,7.98,24.7,Elitism,Twopoint,Gaussian
281,2,24.44,8.64,23.4,55.85,11.05,11.18,44.8,Elitism,Twopoint,Gaussian
282,3,24.8,9.22,23.7,60.35,10.85,11.92,49.5,Elitism,Twopoint,Gaussian
283,4,28.64,9.92,30.13,94.35,11.45,16.97,82.9,Elitism,Twopoint,Gaussian
284,5,21.67,6.68,21.15,31.6,1.25,8.67,30.35,Elitism,Twopoint,Gaussian
285,6,27.28,5.59,31.15,37.35,6.9,6.72,30.45,Elitism,Twopoint,Gaussian
286,7,28.62,3.71,31.15,31.15,21.15,4.28,10,Elitism,Twopoint,Gaussian
287,8,27.62,4.59,31.15,31.15,20.57,4.81,10.58,Elitism,Twopoint,Gaussian
288,9,26.53,5.02,30.87,31.15,20.57,5.05,10.58,Elitism,Twopoint,Gaussian
289,10,27.09,4.81,31.01,31.15,20.57,4.91,10.58,Elitism,Twopoint,Gaussian
290,11,25.11,5.38,21.15,31.15,10.85,5.84,20.3,Elitism,Twopoint,Gaussian
291,12,23.61,4.53,21.15,31.15,10.85,5.41,20.3,Elitism,Twopoint,Gaussian
292,13,23.62,3.74,21.15,31.15,20.85,4.32,10.3,Elitism,Twopoint,Gaussian
293,14,23.59,4.48,21.15,31.15,10.85,5.37,20.3,Elitism,Twopoint,Gaussian
294,15,23.14,3.18,21.15,31.15,21.15,3.97,10,Elitism,Twopoint,Gaussian
295,16,22.15,1.8,21.15,31.15,21.15,3,10,Elitism,Twopoint,Gaussian
296,17,22.15,1.8,21.15,31.15,21.15,3,10,Elitism,Twopoint,Gaussian
297,18,22.15,1.8,21.15,31.15,21.15,3,10,Elitism,Twopoint,Gaussian
298,19,22.15,1.8,21.15,31.15,21.15,3,10,Elitism,Twopoint,Gaussian
299,20,22.15,1.8,21.15,31.15,21.15,3,10,Elitism,Twopoint,Gaussian
300,1,19.01,6.44,20.64,36.8,8.67,7.75,28.13,Elitism,Onepoint,Uniform
301,2,21.96,6.64,22,33.05,8.95,7.92,24.1,Elitism,Onepoint,Uniform
302,3,25.53,5.87,26.67,38.08,8.35,7.19,29.73,Elitism,Onepoint,Uniform
303,4,25.48,7.14,27.35,45.8,10.87,8.48,34.93,Elitism,Onepoint,Uniform
304,5,23.61,8.36,31.15,31.45,10.87,8.95,20.58,Elitism,Onepoint,Uniform
305,6,21.61,9.6,26,31.45,10.87,9.83,20.58,Elitism,Onepoint,Uniform
306,7,20.55,8.63,20.85,31.45,10.87,9.33,20.58,Elitism,Onepoint,Uniform
307,8,20.55,8.66,20.86,31.45,10.87,9.34,20.58,Elitism,Onepoint,Uniform
308,9,18.02,9.53,11.15,31.45,0.57,10.21,30.88,Elitism,Onepoint,Uniform
309,10,16.5,8.29,10.87,31.45,0.57,9.38,30.88,Elitism,Onepoint,Uniform
310,11,13.97,5.21,10.87,31.45,10.85,7.3,20.6,Elitism,Onepoint,Uniform
311,12,14,6.64,10.87,31.45,0.57,8.62,30.88,Elitism,Onepoint,Uniform
312,13,15.1,6.69,11.15,31.45,0.57,8.14,30.88,Elitism,Onepoint,Uniform
313,14,12.04,4.79,11.15,31.45,0.57,7.87,30.88,Elitism,Onepoint,Uniform
314,15,11.55,3.98,11.15,31.45,0.57,7.57,30.88,Elitism,Onepoint,Uniform
315,16,10.99,4.2,10.87,31.45,0.57,7.94,30.88,Elitism,Onepoint,Uniform
316,17,9.41,6.1,10.87,31.45,0.57,8.75,30.88,Elitism,Onepoint,Uniform
317,18,9.45,6.13,10.87,31.45,0.57,8.75,30.88,Elitism,Onepoint,Uniform
318,19,9.45,6.13,10.87,31.45,0.57,8.75,30.88,Elitism,Onepoint,Uniform
319,20,9.39,6.09,10.87,31.45,0.57,8.74,30.88,Elitism,Onepoint,Uniform
320,1,18.44,4.79,16.03,39.35,10.93,6.42,28.42,Elitism,Onepoint,Flipbit
321,2,19.32,4.92,18.68,34.41,9.9,6.14,24.51,Elitism,Onepoint,Flipbit
322,3,20.17,7.38,19.04,38.16,9.53,8.84,28.63,Elitism,Onepoint,Flipbit
323,4,18.09,4.66,16.77,29.8,6.25,5.45,23.55,Elitism,Onepoint,Flipbit
324,5,20.57,7.29,19.84,45.75,7.8,9.19,37.95,Elitism,Onepoint,Flipbit
325,6,19.52,7.38,14.9,47.9,9.61,9.83,38.29,Elitism,Onepoint,Flipbit
326,7,21.06,8.49,19.84,48.62,4.65,11.07,43.97,Elitism,Onepoint,Flipbit
327,8,19.5,12.57,12.67,52.82,1.62,15.54,51.2,Elitism,Onepoint,Flipbit
328,9,21.75,9.09,18.25,57.85,11.37,11.82,46.48,Elitism,Onepoint,Flipbit
329,10,20.44,7.67,19.44,54.2,3.65,10.82,50.55,Elitism,Onepoint,Flipbit
330,11,20.89,6.14,22.21,35.14,11.75,6.86,23.39,Elitism,Onepoint,Flipbit
331,12,19.8,4.84,21.6,36.64,11.5,5.97,25.14,Elitism,Onepoint,Flipbit
332,13,19.24,7.13,14.95,36.47,11.07,8.06,25.4,Elitism,Onepoint,Flipbit
333,14,17.89,5.91,14.92,35.45,11.15,7.06,24.3,Elitism,Onepoint,Flipbit
334,15,18.31,5.23,16.02,31.72,11.34,6.02,20.38,Elitism,Onepoint,Flipbit
335,16,18,5.84,14.76,36.59,11.45,7.57,25.14,Elitism,Onepoint,Flipbit
336,17,23.72,7.63,21.43,64.31,11.7,11.36,52.61,Elitism,Onepoint,Flipbit
337,18,18.6,4.89,17.26,37.84,11.57,7.14,26.27,Elitism,Onepoint,Flipbit
338,19,20.32,6.59,17.93,50.06,11.39,9.18,38.67,Elitism,Onepoint,Flipbit
339,20,19.9,5.46,17.53,52.25,13,8.86,39.25,Elitism,Onepoint,Flipbit
340,1,18.44,4.79,16.03,39.35,10.93,6.42,28.42,Elitism,Onepoint,Gaussian
341,2,19.32,4.92,18.68,34.41,9.9,6.14,24.51,Elitism,Onepoint,Gaussian
342,3,20.17,7.38,19.04,38.16,9.53,8.84,28.63,Elitism,Onepoint,Gaussian
343,4,18.09,4.66,16.77,29.8,6.25,5.45,23.55,Elitism,Onepoint,Gaussian
344,5,20.57,7.29,19.84,45.75,7.8,9.19,37.95,Elitism,Onepoint,Gaussian
345,6,19.52,7.38,14.9,47.9,9.61,9.83,38.29,Elitism,Onepoint,Gaussian
346,7,21.06,8.49,19.84,48.62,4.65,11.07,43.97,Elitism,Onepoint,Gaussian
347,8,19.5,12.57,12.67,52.82,1.62,15.54,51.2,Elitism,Onepoint,Gaussian
348,9,21.75,9.09,18.25,57.85,11.37,11.82,46.48,Elitism,Onepoint,Gaussian
349,10,20.44,7.67,19.44,54.2,3.65,10.82,50.55,Elitism,Onepoint,Gaussian
350,11,20.89,6.14,22.21,35.14,11.75,6.86,23.39,Elitism,Onepoint,Gaussian
351,12,19.8,4.84,21.6,36.64,11.5,5.97,25.14,Elitism,Onepoint,Gaussian
352,13,19.24,7.13,14.95,36.47,11.07,8.06,25.4,Elitism,Onepoint,Gaussian
353,14,17.89,5.91,14.92,35.45,11.15,7.06,24.3,Elitism,Onepoint,Gaussian
354,15,18.31,5.23,16.02,31.72,11.34,6.02,20.38,Elitism,Onepoint,Gaussian
355,16,18,5.84,14.76,36.59,11.45,7.57,25.14,Elitism,Onepoint,Gaussian
356,17,23.72,7.63,21.43,64.31,11.7,11.36,52.61,Elitism,Onepoint,Gaussian
357,18,18.6,4.89,17.26,37.84,11.57,7.14,26.27,Elitism,Onepoint,Gaussian
358,19,20.32,6.59,17.93,50.06,11.39,9.18,38.67,Elitism,Onepoint,Gaussian
359,20,19.9,5.46,17.53,52.25,13,8.86,39.25,Elitism,Onepoint,Gaussian
360,1,18.36,4.52,18.93,29.7,9.45,5.28,20.25,RouletteWheel,Uniform,Uniform
361,2,22.87,5.3,21.25,31.15,10.87,6.53,20.28,RouletteWheel,Uniform,Uniform
362,3,28.53,4.41,31.15,38.6,21.07,5.07,17.53,RouletteWheel,Uniform,Uniform
363,4,32.8,6.16,31.15,94.35,21.07,14.57,73.28,RouletteWheel,Uniform,Uniform
364,5,30.13,1.83,31.15,31.15,20.85,3.06,10.3,RouletteWheel,Uniform,Uniform
365,6,30.64,0.98,31.15,31.15,20.85,2.24,10.3,RouletteWheel,Uniform,Uniform
366,7,30.12,1.85,31.15,31.15,20.85,3.09,10.3,RouletteWheel,Uniform,Uniform
367,8,30.12,1.85,31.15,31.15,20.85,3.09,10.3,RouletteWheel,Uniform,Uniform
368,9,30.12,1.85,31.15,31.15,20.85,3.09,10.3,RouletteWheel,Uniform,Uniform
369,10,30.64,0.98,31.15,31.15,20.85,2.24,10.3,RouletteWheel,Uniform,Uniform
370,11,30.64,0.98,31.15,31.15,20.85,2.24,10.3,RouletteWheel,Uniform,Uniform
371,12,30.12,1.85,31.15,31.15,20.85,3.09,10.3,RouletteWheel,Uniform,Uniform
372,13,30.12,1.85,31.15,31.15,20.85,3.09,10.3,RouletteWheel,Uniform,Uniform
373,14,30.64,0.98,31.15,31.15,20.85,2.24,10.3,RouletteWheel,Uniform,Uniform
374,15,30.64,0.98,31.15,31.15,20.85,2.24,10.3,RouletteWheel,Uniform,Uniform
375,16,30.12,1.85,31.15,31.15,20.85,3.09,10.3,RouletteWheel,Uniform,Uniform
376,17,29.61,2.63,31.15,31.15,20.85,3.68,10.3,RouletteWheel,Uniform,Uniform
377,18,30.64,0.98,31.15,31.15,20.85,2.24,10.3,RouletteWheel,Uniform,Uniform
378,19,30.64,0.98,31.15,31.15,20.85,2.24,10.3,RouletteWheel,Uniform,Uniform
379,20,31.15,0,31.15,31.15,31.15,0,0,RouletteWheel,Uniform,Uniform
380,1,18.49,4.94,18.54,27.4,8.95,5.38,18.45,RouletteWheel,Uniform,Flipbit
381,2,20.84,4.53,22.13,38.25,10.4,6.09,27.85,RouletteWheel,Uniform,Flipbit
382,3,18.11,6.44,15.63,35.07,8.5,7.59,26.57,RouletteWheel,Uniform,Flipbit
383,4,23.2,7.82,21.79,44.67,11.07,9.85,33.6,RouletteWheel,Uniform,Flipbit
384,5,21.29,7.66,21.48,51.07,11.09,10.09,39.98,RouletteWheel,Uniform,Flipbit
385,6,19.47,8.71,13.55,50.37,11.22,11.18,39.15,RouletteWheel,Uniform,Flipbit
386,7,19.85,6.36,19.78,32.12,11.09,7.25,21.03,RouletteWheel,Uniform,Flipbit
387,8,19.67,5.63,17.68,34.69,12.3,6.83,22.39,RouletteWheel,Uniform,Flipbit
388,9,19.24,5.89,20.83,35.37,11.07,6.96,24.3,RouletteWheel,Uniform,Flipbit
389,10,16.24,4.44,13.76,30.45,11.47,5.24,18.98,RouletteWheel,Uniform,Flipbit
390,11,16.29,5.32,12.86,30.09,11.37,5.88,18.72,RouletteWheel,Uniform,Flipbit
391,12,19.21,6.84,15.59,47.16,11.47,8.65,35.69,RouletteWheel,Uniform,Flipbit
392,13,24.08,7.27,21.6,41.89,11.49,8.65,30.4,RouletteWheel,Uniform,Flipbit
393,14,20.73,7.36,19.41,41.1,11.65,9.03,29.45,RouletteWheel,Uniform,Flipbit
394,15,17.9,5.81,15.34,34.67,11.2,6.65,23.47,RouletteWheel,Uniform,Flipbit
395,16,17.81,5.88,15.05,33.12,11.09,7.14,22.03,RouletteWheel,Uniform,Flipbit
396,17,18.16,5.62,15.34,38.03,11.32,7.33,26.71,RouletteWheel,Uniform,Flipbit
397,18,18.56,6.52,15.43,34.37,11.09,7.9,23.28,RouletteWheel,Uniform,Flipbit
398,19,18.67,5.28,16.45,31.5,11.4,6,20.1,RouletteWheel,Uniform,Flipbit
399,20,22,6.31,21.98,42.58,11.32,8.38,31.26,RouletteWheel,Uniform,Flipbit
400,1,17.26,5.45,15.23,32.5,8.2,6.49,24.3,RouletteWheel,Uniform,Gaussian
401,2,21.56,7.26,21.93,31.15,10.87,8.35,20.28,RouletteWheel,Uniform,Gaussian
402,3,24.77,6.01,21.3,33.6,11.15,6.7,22.45,RouletteWheel,Uniform,Gaussian
403,4,27.62,4.59,31.15,31.15,20.85,4.81,10.3,RouletteWheel,Uniform,Gaussian
404,5,28.63,3.77,31.15,31.15,20.85,4.35,10.3,RouletteWheel,Uniform,Gaussian
405,6,29.13,3.22,31.15,31.15,20.85,4.03,10.3,RouletteWheel,Uniform,Gaussian
406,7,29.65,2.55,31.15,31.15,21.15,3.57,10,RouletteWheel,Uniform,Gaussian
407,8,30.65,0.95,31.15,31.15,21.15,2.18,10,RouletteWheel,Uniform,Gaussian
408,9,30.14,1.8,31.15,31.15,21.15,3,10,RouletteWheel,Uniform,Gaussian
409,10,29.64,2.55,31.15,31.15,21.15,3.57,10,RouletteWheel,Uniform,Gaussian
410,11,30.14,1.8,31.15,31.15,21.15,3,10,RouletteWheel,Uniform,Gaussian
411,12,30.64,0.95,31.15,31.15,21.15,2.18,10,RouletteWheel,Uniform,Gaussian
412,13,30.64,0.95,31.15,31.15,21.15,2.18,10,RouletteWheel,Uniform,Gaussian
413,14,31.14,0.01,31.15,31.15,31.07,0.02,0.08,RouletteWheel,Uniform,Gaussian
414,15,31.13,0.03,31.15,31.15,31.07,0.03,0.08,RouletteWheel,Uniform,Gaussian
415,16,31.13,0.03,31.15,31.15,31.07,0.03,0.08,RouletteWheel,Uniform,Gaussian
416,17,31.14,0.02,31.15,31.15,31.07,0.03,0.08,RouletteWheel,Uniform,Gaussian
417,18,31.15,0.01,31.15,31.15,31.07,0.02,0.08,RouletteWheel,Uniform,Gaussian
418,19,31.15,0,31.15,31.15,31.15,0,0,RouletteWheel,Uniform,Gaussian
419,20,31.15,0,31.15,31.15,31.15,0,0,RouletteWheel,Uniform,Gaussian
420,1,18.87,7.89,14.1,38.5,8.95,8.9,29.55,RouletteWheel,Twopoint,Uniform
421,2,23.01,5.95,24,35.45,11.45,7.5,24,RouletteWheel,Twopoint,Uniform
422,3,27.44,6.03,28.55,39.7,10.26,7.51,29.44,RouletteWheel,Twopoint,Uniform
423,4,30.71,5.29,31.2,50.45,10.7,7.82,39.75,RouletteWheel,Twopoint,Uniform
424,5,33.58,5.99,31.15,50.45,21.15,7.9,29.3,RouletteWheel,Twopoint,Uniform
425,6,31.77,2.95,31.15,44.8,20.85,5.2,23.95,RouletteWheel,Twopoint,Uniform
426,7,30.23,4.58,31.15,56.75,20.85,7.64,35.9,RouletteWheel,Twopoint,Uniform
427,8,31.85,5.17,31.15,56.75,20.85,9.26,35.9,RouletteWheel,Twopoint,Uniform
428,9,30.79,4.38,31.15,69.45,20.85,9.76,48.6,RouletteWheel,Twopoint,Uniform
429,10,30.65,0.98,31.15,31.3,20.85,2.25,10.45,RouletteWheel,Twopoint,Uniform
430,11,31.17,0.04,31.15,31.3,31.15,0.05,0.15,RouletteWheel,Twopoint,Uniform
431,12,31.2,0.06,31.15,31.3,31.15,0.07,0.15,RouletteWheel,Twopoint,Uniform
432,13,31.21,0.07,31.15,31.3,31.15,0.07,0.15,RouletteWheel,Twopoint,Uniform
433,14,31.2,0.06,31.15,31.3,31.15,0.07,0.15,RouletteWheel,Twopoint,Uniform
434,15,30.68,0.95,31.15,31.3,21.15,2.19,10.15,RouletteWheel,Twopoint,Uniform
435,16,30.67,0.95,31.15,31.3,21.15,2.19,10.15,RouletteWheel,Twopoint,Uniform
436,17,30.67,0.95,31.15,31.3,21.15,2.19,10.15,RouletteWheel,Twopoint,Uniform
437,18,31.17,0.03,31.15,31.3,31.15,0.04,0.15,RouletteWheel,Twopoint,Uniform
438,19,31.15,0,31.15,31.15,31.15,0,0,RouletteWheel,Twopoint,Uniform
439,20,31.15,0,31.15,31.15,31.15,0,0,RouletteWheel,Twopoint,Uniform
440,1,16.24,5.66,13.4,37.15,9.05,7.14,28.1,RouletteWheel,Twopoint,Flipbit
441,2,17.04,4.42,16.46,35.71,8.5,6.05,27.21,RouletteWheel,Twopoint,Flipbit
442,3,19.42,7.25,17.64,42.57,5.33,9.01,37.24,RouletteWheel,Twopoint,Flipbit
443,4,19.7,6.41,17.18,41.42,11.19,7.99,30.23,RouletteWheel,Twopoint,Flipbit
444,5,21.09,5.79,21.49,40.85,10.47,7.74,30.38,RouletteWheel,Twopoint,Flipbit
445,6,16.89,5.08,13.67,27.7,11.07,5.61,16.63,RouletteWheel,Twopoint,Flipbit
446,7,20.1,5.17,20.01,37.25,10.89,6.55,26.36,RouletteWheel,Twopoint,Flipbit
447,8,22.88,8.33,20.06,49.3,11.26,10,38.04,RouletteWheel,Twopoint,Flipbit
448,9,21.1,7.37,17.75,47.69,8.06,9.49,39.63,RouletteWheel,Twopoint,Flipbit
449,10,25.78,9.72,23.8,57.31,11.38,13.01,45.93,RouletteWheel,Twopoint,Flipbit
450,11,23.32,8.29,22.1,47.55,11.07,9.98,36.48,RouletteWheel,Twopoint,Flipbit
451,12,31.92,12.65,33.33,58.87,11.09,14.6,47.78,RouletteWheel,Twopoint,Flipbit
452,13,38.98,13.09,42.19,58.94,11.38,14.73,47.56,RouletteWheel,Twopoint,Flipbit
453,14,35.17,17.67,44.45,67.31,11.4,18.53,55.91,RouletteWheel,Twopoint,Flipbit
454,15,42.44,13.14,48.59,69.22,11.39,15.86,57.83,RouletteWheel,Twopoint,Flipbit
455,16,34.73,16.65,29.17,69.68,11.34,18.48,58.34,RouletteWheel,Twopoint,Flipbit
456,17,37.1,17.08,40.59,70.07,11.22,19.09,58.85,RouletteWheel,Twopoint,Flipbit
457,18,30.48,15.06,24.22,69.15,11.2,17.75,57.95,RouletteWheel,Twopoint,Flipbit
458,19,32.21,21.15,22.63,70.54,11.07,23,59.47,RouletteWheel,Twopoint,Flipbit
459,20,45.79,17.84,53.08,72.56,11.37,20.18,61.19,RouletteWheel,Twopoint,Flipbit
460,1,16.67,5.48,15.51,33.07,8.95,6.44,24.12,RouletteWheel,Twopoint,Gaussian
461,2,24.43,11.54,19.19,84.3,9.95,16.56,74.35,RouletteWheel,Twopoint,Gaussian
462,3,31.14,16.88,21.05,120.5,9.7,26.04,110.8,RouletteWheel,Twopoint,Gaussian
463,4,51.61,30.92,35.88,127.25,0.9,35.4,126.35,RouletteWheel,Twopoint,Gaussian
464,5,54.2,34.94,31.15,120.5,11.45,37.77,109.05,RouletteWheel,Twopoint,Gaussian
465,6,51.46,32.5,31.15,120.5,11.15,36.44,109.35,RouletteWheel,Twopoint,Gaussian
466,7,67.58,38.44,57.8,120.5,20.85,40.54,99.65,RouletteWheel,Twopoint,Gaussian
467,8,87.12,38.01,120.5,125.6,5.05,42.89,120.55,RouletteWheel,Twopoint,Gaussian
468,9,108.2,20.19,120.5,125.6,31.15,27.92,94.45,RouletteWheel,Twopoint,Gaussian
469,10,114.73,11.4,120.5,125.6,31.15,20.83,94.45,RouletteWheel,Twopoint,Gaussian
470,11,120.5,0,120.5,120.5,120.5,0,0,RouletteWheel,Twopoint,Gaussian
471,12,120.79,0.51,120.5,125.6,120.5,1.11,5.1,RouletteWheel,Twopoint,Gaussian
472,13,120.64,0.26,120.5,123.2,120.5,0.59,2.7,RouletteWheel,Twopoint,Gaussian
473,14,121.03,0.89,120.5,125.6,120.5,1.32,5.1,RouletteWheel,Twopoint,Gaussian
474,15,120.5,0,120.5,120.5,120.5,0,0,RouletteWheel,Twopoint,Gaussian
475,16,121,0.84,120.5,125.6,120.5,1.4,5.1,RouletteWheel,Twopoint,Gaussian
476,17,120.76,0.48,120.5,125.6,120.5,1.11,5.1,RouletteWheel,Twopoint,Gaussian
477,18,121.51,1.72,120.5,130.5,120.5,2.57,10,RouletteWheel,Twopoint,Gaussian
478,19,122.54,3.41,120.5,135.6,120.5,4.86,15.1,RouletteWheel,Twopoint,Gaussian
479,20,122.77,3.17,120.5,130.5,120.5,3.71,10,RouletteWheel,Twopoint,Gaussian
480,1,17.57,6.48,14.73,33.9,9.35,7.3,24.55,RouletteWheel,Onepoint,Uniform
481,2,21.55,7.1,21.23,37.8,8.75,8.47,29.05,RouletteWheel,Onepoint,Uniform
482,3,27.74,9.9,29.85,48.55,7.19,12.15,41.36,RouletteWheel,Onepoint,Uniform
483,4,29.4,6.82,30.48,48.1,20.85,8.45,27.25,RouletteWheel,Onepoint,Uniform
484,5,32.35,6.43,31.15,48.1,20.87,8.42,27.23,RouletteWheel,Onepoint,Uniform
485,6,30.92,5.55,31.15,48.1,20.85,8.03,27.25,RouletteWheel,Onepoint,Uniform
486,7,34.26,7.38,31.15,67.55,20.85,10.42,46.7,RouletteWheel,Onepoint,Uniform
487,8,32.83,8.53,31.15,61.7,20.85,11.17,40.85,RouletteWheel,Onepoint,Uniform
488,9,35.22,10.77,31.15,61.7,10.85,13.67,50.85,RouletteWheel,Onepoint,Uniform
489,10,36.24,9.17,31.15,61.7,20.85,11.24,40.85,RouletteWheel,Onepoint,Uniform
490,11,35.46,10.54,31.15,61.7,20.85,13.21,40.85,RouletteWheel,Onepoint,Uniform
491,12,38.37,12.16,31.15,61.7,20.85,13.89,40.85,RouletteWheel,Onepoint,Uniform
492,13,42.82,13.03,45.8,61.7,20.85,14.48,40.85,RouletteWheel,Onepoint,Uniform
493,14,45.17,12.78,45.8,69.2,20.85,14.51,48.35,RouletteWheel,Onepoint,Uniform
494,15,44.16,14.12,41.7,69.2,21.15,15.44,48.05,RouletteWheel,Onepoint,Uniform
495,16,42.58,16.37,37.6,69.2,10.85,17.87,58.35,RouletteWheel,Onepoint,Uniform
496,17,47.74,16.75,61.7,61.7,10.85,18.11,50.85,RouletteWheel,Onepoint,Uniform
497,18,52.74,12.54,61.7,61.7,21.15,14.22,40.55,RouletteWheel,Onepoint,Uniform
498,19,57.84,6.56,61.7,61.7,31.15,9.54,30.55,RouletteWheel,Onepoint,Uniform
499,20,53.44,11.57,61.7,61.7,21.15,13.48,40.55,RouletteWheel,Onepoint,Uniform
500,1,17.55,5.44,15.5,33.4,8.61,6.6,24.79,RouletteWheel,Onepoint,Flipbit
501,2,19.72,6.4,17.98,34.46,8.55,7.42,25.91,RouletteWheel,Onepoint,Flipbit
502,3,18.02,6.2,15.44,33.34,9.15,7.17,24.19,RouletteWheel,Onepoint,Flipbit
503,4,20.91,4.4,21.39,33.25,11.35,5.77,21.9,RouletteWheel,Onepoint,Flipbit
504,5,20.94,5.68,22.19,42.32,0.86,8.16,41.46,RouletteWheel,Onepoint,Flipbit
505,6,17.87,4.97,17.64,26.8,3.75,5.73,23.05,RouletteWheel,Onepoint,Flipbit
506,7,18.82,5.5,17.42,34.52,9.34,6.67,25.18,RouletteWheel,Onepoint,Flipbit
507,8,20.43,6.18,19.65,32.3,11.6,6.71,20.7,RouletteWheel,Onepoint,Flipbit
508,9,20.08,5.87,18.5,37.09,11.8,6.96,25.29,RouletteWheel,Onepoint,Flipbit
509,10,19.65,6.84,15.43,38.4,11.07,7.89,27.33,RouletteWheel,Onepoint,Flipbit
510,11,25.15,7.38,23.05,45.94,11.35,9.16,34.59,RouletteWheel,Onepoint,Flipbit
511,12,30.69,8.89,29.71,50.55,13.25,10.48,37.3,RouletteWheel,Onepoint,Flipbit
512,13,31.47,13.78,28.06,55.32,11.55,15.15,43.77,RouletteWheel,Onepoint,Flipbit
513,14,23.3,9.15,20.28,48.73,12.02,10.75,36.71,RouletteWheel,Onepoint,Flipbit
514,15,29.2,11.05,28.42,59.5,11.85,13.21,47.65,RouletteWheel,Onepoint,Flipbit
515,16,32.66,14.48,32.24,56.92,11.92,16.15,45,RouletteWheel,Onepoint,Flipbit
516,17,35.35,13.7,39.33,52.89,12.5,15.17,40.39,RouletteWheel,Onepoint,Flipbit
517,18,36.78,13.6,38.96,61.6,12.05,15.67,49.55,RouletteWheel,Onepoint,Flipbit
518,19,33.23,14.81,29.19,71.06,11.95,17.14,59.11,RouletteWheel,Onepoint,Flipbit
519,20,51.07,13.59,50.91,72.07,23.2,15.63,48.87,RouletteWheel,Onepoint,Flipbit
520,1,18.67,5.62,18.43,34.39,9.9,6.69,24.49,RouletteWheel,Onepoint,Gaussian
521,2,24.71,9.31,22.3,68.2,11.07,12.96,57.13,RouletteWheel,Onepoint,Gaussian
522,3,28.57,8.15,29.18,68.2,11.25,11.87,56.95,RouletteWheel,Onepoint,Gaussian
523,4,35.48,9.62,31.15,70.6,13.37,13.3,57.23,RouletteWheel,Onepoint,Gaussian
524,5,36.9,9.48,36.2,68.8,19.3,11.87,49.5,RouletteWheel,Onepoint,Gaussian
525,6,36.58,10.09,36.2,67.65,18.25,12.97,49.4,RouletteWheel,Onepoint,Gaussian
526,7,49.24,22.84,36.2,156.8,21.15,30.74,135.65,RouletteWheel,Onepoint,Gaussian
527,8,57.98,27.26,43.83,156.8,30.7,36.87,126.1,RouletteWheel,Onepoint,Gaussian
528,9,92.32,50.84,80.95,167.45,21.2,55.01,146.25,RouletteWheel,Onepoint,Gaussian
529,10,121.86,47.55,156.8,167.45,31.15,51.86,136.3,RouletteWheel,Onepoint,Gaussian
530,11,150.84,12.92,156.8,167.45,80.95,21.82,86.5,RouletteWheel,Onepoint,Gaussian
531,12,155.13,6.36,156.8,167.45,91.5,15.06,75.95,RouletteWheel,Onepoint,Gaussian
532,13,158.5,2.56,156.8,167.45,156.8,3.59,10.65,RouletteWheel,Onepoint,Gaussian
533,14,158.37,2.66,156.8,167.45,156.8,3.73,10.65,RouletteWheel,Onepoint,Gaussian
534,15,157.8,1.8,156.8,166.8,156.8,3,10,RouletteWheel,Onepoint,Gaussian
535,16,158.8,3.2,156.8,166.8,156.8,4,10,RouletteWheel,Onepoint,Gaussian
536,17,156.8,1,156.8,166.8,146.8,3.16,20,RouletteWheel,Onepoint,Gaussian
537,18,156.8,1,156.8,166.8,146.8,3.16,20,RouletteWheel,Onepoint,Gaussian
538,19,156.8,1,156.8,166.8,146.8,3.16,20,RouletteWheel,Onepoint,Gaussian
539,20,157.8,1.8,156.8,166.8,156.8,3,10,RouletteWheel,Onepoint,Gaussian
540,1,18.62,5.22,17.63,32.27,9.9,6.2,22.37,Tournament,Uniform,Uniform
541,2,42.85,25.07,31.15,223.27,13.37,45.05,209.9,Tournament,Uniform,Uniform
542,3,55.68,41.57,31.15,223.27,21.15,59.35,202.12,Tournament,Uniform,Uniform
543,4,69.95,61.33,31.15,223.27,31.15,76.67,192.12,Tournament,Uniform,Uniform
544,5,184.33,62.3,223.27,223.27,20.87,77.9,202.4,Tournament,Uniform,Uniform
545,6,223.27,0,223.27,223.27,223.27,0,0,Tournament,Uniform,Uniform
546,7,223.27,0,223.27,223.27,223.27,0,0,Tournament,Uniform,Uniform
547,8,223.27,0,223.27,223.27,223.27,0,0,Tournament,Uniform,Uniform
548,9,223.27,0,223.27,223.27,223.27,0,0,Tournament,Uniform,Uniform
549,10,223.27,0,223.27,223.27,223.27,0,0,Tournament,Uniform,Uniform
550,11,223.27,0,223.27,223.27,223.27,0,0,Tournament,Uniform,Uniform
551,12,223.27,0,223.27,223.27,223.27,0,0,Tournament,Uniform,Uniform
552,13,223.27,0,223.27,223.27,223.27,0,0,Tournament,Uniform,Uniform
553,14,223.27,0,223.27,223.27,223.27,0,0,Tournament,Uniform,Uniform
554,15,223.27,0,223.27,223.27,223.27,0,0,Tournament,Uniform,Uniform
555,16,223.27,0,223.27,223.27,223.27,0,0,Tournament,Uniform,Uniform
556,17,223.27,0,223.27,223.27,223.27,0,0,Tournament,Uniform,Uniform
557,18,223.27,0,223.27,223.27,223.27,0,0,Tournament,Uniform,Uniform
558,19,223.27,0,223.27,223.27,223.27,0,0,Tournament,Uniform,Uniform
559,20,223.27,0,223.27,223.27,223.27,0,0,Tournament,Uniform,Uniform
560,1,19.84,8.11,16.43,45.3,8.7,9.78,36.6,Tournament,Uniform,Flipbit
561,2,23.3,7.36,21.68,42.6,11.05,8.69,31.55,Tournament,Uniform,Flipbit
562,3,21.02,8.08,18.29,50.03,11.13,10.62,38.9,Tournament,Uniform,Flipbit
563,4,23.86,7.96,23.83,41.17,11.25,9.14,29.92,Tournament,Uniform,Flipbit
564,5,18.83,5.7,20.41,35.6,11.37,6.83,24.23,Tournament,Uniform,Flipbit
565,6,26.07,7.52,25.33,39.4,11.45,8.57,27.95,Tournament,Uniform,Flipbit
566,7,26.55,10.06,26.35,47.8,11.13,11.12,36.67,Tournament,Uniform,Flipbit
567,8,18.51,5.66,16.72,34.69,11.35,6.68,23.34,Tournament,Uniform,Flipbit
568,9,21.67,9.92,15.29,61.72,11.25,13.68,50.47,Tournament,Uniform,Flipbit
569,10,23.42,8.87,21.6,61.18,11.07,12.72,50.11,Tournament,Uniform,Flipbit
570,11,23.52,10.28,20.8,55.44,11.15,12.97,44.29,Tournament,Uniform,Flipbit
571,12,20.04,9.91,13.6,57.32,11.3,13.49,46.02,Tournament,Uniform,Flipbit
572,13,25.84,12.25,21,60.92,11.35,15.35,49.57,Tournament,Uniform,Flipbit
573,14,37.06,18.18,32.85,65.27,11.37,19.73,53.9,Tournament,Uniform,Flipbit
574,15,20.82,7.2,21.05,51.21,11.37,10.06,39.84,Tournament,Uniform,Flipbit
575,16,16.39,4.64,14.05,33.2,11.37,5.66,21.83,Tournament,Uniform,Flipbit
576,17,18.49,5.34,15.41,27.95,12.1,5.68,15.85,Tournament,Uniform,Flipbit
577,18,20.82,4.35,21.3,38.85,11.85,6.16,27,Tournament,Uniform,Flipbit
578,19,23.1,5.39,22.99,36.55,11.65,6.99,24.9,Tournament,Uniform,Flipbit
579,20,19.7,7.87,14.9,40.14,11.07,9.25,29.07,Tournament,Uniform,Flipbit
580,1,19.71,5.12,21.1,33.45,9.4,6.17,24.05,Tournament,Uniform,Gaussian
581,2,22.98,5.84,21.45,44.45,11.2,8.3,33.25,Tournament,Uniform,Gaussian
582,3,28.5,5.49,31.15,34.2,13.05,6.51,21.15,Tournament,Uniform,Gaussian
583,4,33.34,1.4,34.2,34.6,23.85,2.38,10.75,Tournament,Uniform,Gaussian
584,5,34.8,0.29,35,35.15,34.25,0.32,0.9,Tournament,Uniform,Gaussian
585,6,33.29,1.82,34.35,34.35,24.2,3.03,10.15,Tournament,Uniform,Gaussian
586,7,35.15,0,35.15,35.15,35.15,0,0,Tournament,Uniform,Gaussian
587,8,35.13,0.04,35.15,35.15,34.75,0.09,0.4,Tournament,Uniform,Gaussian
588,9,35.15,0,35.15,35.15,35.15,0,0,Tournament,Uniform,Gaussian
589,10,35.15,0,35.15,35.15,35.15,0,0,Tournament,Uniform,Gaussian
590,11,44.91,1.22,45.55,45.55,32.75,2.79,12.8,Tournament,Uniform,Gaussian
591,12,34.75,0,34.75,34.75,34.75,0,0,Tournament,Uniform,Gaussian
592,13,35.15,0,35.15,35.15,35.15,0,0,Tournament,Uniform,Gaussian
593,14,35.15,0,35.15,35.15,35.15,0,0,Tournament,Uniform,Gaussian
594,15,35.15,0,35.15,35.15,35.15,0,0,Tournament,Uniform,Gaussian
595,16,34.75,0,34.75,34.75,34.75,0,0,Tournament,Uniform,Gaussian
596,17,35.15,0,35.15,35.15,35.15,0,0,Tournament,Uniform,Gaussian
597,18,35.15,0,35.15,35.15,35.15,0,0,Tournament,Uniform,Gaussian
598,19,35.15,0,35.15,35.15,35.15,0,0,Tournament,Uniform,Gaussian
599,20,45.55,0,45.55,45.55,45.55,0,0,Tournament,Uniform,Gaussian
600,1,19.25,6.38,18.15,32.51,7.83,7.32,24.68,Tournament,Twopoint,Uniform
601,2,22.86,5.55,23.35,35.69,11,6.94,24.69,Tournament,Twopoint,Uniform
602,3,31.62,6.73,31.15,53.11,17.99,9.15,35.12,Tournament,Twopoint,Uniform
603,4,39.45,7.14,38.2,53.11,25.55,8.46,27.56,Tournament,Twopoint,Uniform
604,5,46.1,7.6,51.09,53.11,31.15,8.51,21.96,Tournament,Twopoint,Uniform
605,6,49.81,4.73,53.11,54.19,21.15,8.13,33.04,Tournament,Twopoint,Uniform
606,7,53.43,0.45,53.11,54.19,53.11,0.49,1.08,Tournament,Twopoint,Uniform
607,8,54.08,0.19,54.19,54.19,53.11,0.32,1.08,Tournament,Twopoint,Uniform
608,9,54.03,0.31,54.19,54.19,50.9,0.72,3.29,Tournament,Twopoint,Uniform
609,10,54.19,0,54.19,54.19,54.19,0,0,Tournament,Twopoint,Uniform
610,11,54.19,0,54.19,54.19,54.14,0.01,0.05,Tournament,Twopoint,Uniform
611,12,54.19,0,54.19,54.19,54.19,0,0,Tournament,Twopoint,Uniform
612,13,53.69,0.95,54.19,54.19,44.19,2.18,10,Tournament,Twopoint,Uniform
613,14,54.19,0,54.19,54.19,54.19,0,0,Tournament,Twopoint,Uniform
614,15,54.19,0,54.19,54.19,54.19,0,0,Tournament,Twopoint,Uniform
615,16,54.19,0,54.19,54.19,54.19,0,0,Tournament,Twopoint,Uniform
616,17,53.69,0.95,54.19,54.19,44.19,2.18,10,Tournament,Twopoint,Uniform
617,18,54.19,0,54.19,54.19,54.19,0,0,Tournament,Twopoint,Uniform
618,19,54.19,0,54.19,54.19,54.19,0,0,Tournament,Twopoint,Uniform
619,20,54.19,0,54.19,54.19,54.14,0.01,0.05,Tournament,Twopoint,Uniform
620,1,20.95,6.07,20.38,35.37,10.4,7.69,24.97,Tournament,Twopoint,Flipbit
621,2,20.76,10.18,16.39,52.48,2.45,13.16,50.03,Tournament,Twopoint,Flipbit
622,3,29.07,7.05,27.27,49.5,17.62,8.93,31.88,Tournament,Twopoint,Flipbit
623,4,33.37,9.38,34.27,57.84,6.64,12.44,51.2,Tournament,Twopoint,Flipbit
624,5,36.08,10.33,37.03,57,11.2,12.43,45.8,Tournament,Twopoint,Flipbit
625,6,40.2,9.64,43.68,58,12.03,11.75,45.97,Tournament,Twopoint,Flipbit
626,7,38.83,13.81,38.25,58.33,11.09,15.12,47.24,Tournament,Twopoint,Flipbit
627,8,51.11,7.25,55.82,58.2,21.9,9.97,36.3,Tournament,Twopoint,Flipbit
628,9,43.86,15.96,53.42,58.95,11.38,17.76,47.57,Tournament,Twopoint,Flipbit
629,10,36.87,19.43,38.43,74.95,11.07,20.73,63.88,Tournament,Twopoint,Flipbit
630,11,45.55,13.92,52.27,74.88,11.7,16.49,63.18,Tournament,Twopoint,Flipbit
631,12,52,10.4,57.07,74.8,11.61,14.52,63.19,Tournament,Twopoint,Flipbit
632,13,64.09,7.82,60.32,75.13,48.25,8.34,26.88,Tournament,Twopoint,Flipbit
633,14,68.39,5.31,71.57,74.95,56.98,5.97,17.97,Tournament,Twopoint,Flipbit
634,15,62.43,17.84,73.18,76.33,11.39,22.53,64.94,Tournament,Twopoint,Flipbit
635,16,63.08,16.04,74.33,76.89,21.47,20.39,55.42,Tournament,Twopoint,Flipbit
636,17,72.86,3.07,74.77,76.7,63.11,3.7,13.59,Tournament,Twopoint,Flipbit
637,18,59.38,19.67,71.65,77.2,13.8,21.96,63.4,Tournament,Twopoint,Flipbit
638,19,73.16,3.51,75.12,77.2,61.45,4.49,15.75,Tournament,Twopoint,Flipbit
639,20,74.06,2.54,75.46,77.2,58.35,4.15,18.85,Tournament,Twopoint,Flipbit
640,1,21.97,7.55,22.33,44.1,8.8,9.68,35.3,Tournament,Twopoint,Gaussian
641,2,29,5.84,27.78,44.7,20.2,6.73,24.5,Tournament,Twopoint,Gaussian
642,3,29.04,4.31,30.5,39.45,19.75,5.16,19.7,Tournament,Twopoint,Gaussian
643,4,33.25,3.16,31.18,53.5,29.9,5.51,23.6,Tournament,Twopoint,Gaussian
644,5,35.88,5.4,32.85,53.8,29.3,7.04,24.5,Tournament,Twopoint,Gaussian
645,6,37.58,7.06,34.8,53.8,28.6,8.51,25.2,Tournament,Twopoint,Gaussian
646,7,40.09,4.64,38.7,53.5,31.2,6.41,22.3,Tournament,Twopoint,Gaussian
647,8,48.01,6.86,53.5,54.1,35.4,7.3,18.7,Tournament,Twopoint,Gaussian
648,9,45.62,7.3,39.95,54.1,38.7,7.35,15.4,Tournament,Twopoint,Gaussian
649,10,41.75,4.76,38.7,53.8,38.7,5.96,15.1,Tournament,Twopoint,Gaussian
650,11,42.52,5.7,38.7,54.4,38.7,6.58,15.7,Tournament,Twopoint,Gaussian
651,12,45.64,7.26,39.95,54.1,38.7,7.31,15.4,Tournament,Twopoint,Gaussian
652,13,45.64,7.38,39.95,54.4,38.7,7.43,15.7,Tournament,Twopoint,Gaussian
653,14,43.25,6.21,38.7,54.1,38.7,6.78,15.4,Tournament,Twopoint,Gaussian
654,15,44.98,7,39.95,54.4,38.7,7.16,15.7,Tournament,Twopoint,Gaussian
655,16,41.8,4.71,38.7,53.8,38.7,5.9,15.1,Tournament,Twopoint,Gaussian
656,17,44.74,7.13,38.7,54.1,38.7,7.28,15.4,Tournament,Twopoint,Gaussian
657,18,47.19,7.37,53.5,54.4,39,7.41,15.4,Tournament,Twopoint,Gaussian
658,19,43.62,6.08,39.48,54.1,39,6.65,15.1,Tournament,Twopoint,Gaussian
659,20,41.41,3.81,39,54.4,39,5.34,15.4,Tournament,Twopoint,Gaussian
660,1,16.12,4.89,13.88,26.9,10.25,5.63,16.65,Tournament,Onepoint,Uniform
661,2,20.22,4.44,20.73,34.1,13,5.38,21.1,Tournament,Onepoint,Uniform
662,3,58.66,62.74,24.15,686.1,17.25,144.04,668.85,Tournament,Onepoint,Uniform
663,4,96.63,117.89,35.55,686.1,21.15,196.58,664.95,Tournament,Onepoint,Uniform
664,5,297.1,312.78,43.13,697.7,21.2,319.45,676.5,Tournament,Onepoint,Uniform
665,6,625.72,118.24,690.6,697.7,28.3,197.17,669.4,Tournament,Onepoint,Uniform
666,7,697.31,0.66,697.7,697.7,695.1,0.93,2.6,Tournament,Onepoint,Uniform
667,8,697.7,0,697.7,697.7,697.7,0,0,Tournament,Onepoint,Uniform
668,9,697.7,0,697.7,697.7,697.7,0,0,Tournament,Onepoint,Uniform
669,10,697.7,0,697.7,697.7,697.7,0,0,Tournament,Onepoint,Uniform
670,11,697.7,0,697.7,697.7,697.7,0,0,Tournament,Onepoint,Uniform
671,12,697.7,0,697.7,697.7,697.7,0,0,Tournament,Onepoint,Uniform
672,13,697.7,0,697.7,697.7,697.7,0,0,Tournament,Onepoint,Uniform
673,14,697.7,0,697.7,697.7,697.7,0,0,Tournament,Onepoint,Uniform
674,15,697.7,0,697.7,697.7,697.7,0,0,Tournament,Onepoint,Uniform
675,16,697.7,0,697.7,697.7,697.7,0,0,Tournament,Onepoint,Uniform
676,17,697.7,0,697.7,697.7,697.7,0,0,Tournament,Onepoint,Uniform
677,18,697.7,0,697.7,697.7,697.7,0,0,Tournament,Onepoint,Uniform
678,19,697.7,0,697.7,697.7,697.7,0,0,Tournament,Onepoint,Uniform
679,20,697.7,0,697.7,697.7,697.7,0,0,Tournament,Onepoint,Uniform
680,1,20.6,6.92,20.57,35.35,9.3,7.85,26.05,Tournament,Onepoint,Flipbit
681,2,22.99,9.2,22.5,43.85,9.85,10.08,34,Tournament,Onepoint,Flipbit
682,3,30.24,10.69,31.56,53.29,12.55,12.61,40.74,Tournament,Onepoint,Flipbit
683,4,33.29,8.13,34.31,55.57,11.2,10.26,44.37,Tournament,Onepoint,Flipbit
684,5,36.46,8.96,39.45,52.38,11.45,10.85,40.93,Tournament,Onepoint,Flipbit
685,6,36.82,11.21,42.94,52.95,12.2,12.67,40.75,Tournament,Onepoint,Flipbit
686,7,45.53,6.56,46.34,65.3,25.75,8.67,39.55,Tournament,Onepoint,Flipbit
687,8,47.79,11.18,51.93,68.28,11.2,14,57.08,Tournament,Onepoint,Flipbit
688,9,55.64,8.33,60.07,64.3,11.5,13.4,52.8,Tournament,Onepoint,Flipbit
689,10,55.7,10.73,62.23,70.32,21.2,14.17,49.12,Tournament,Onepoint,Flipbit
690,11,61.79,8.27,65.92,71.23,21.15,12.16,50.08,Tournament,Onepoint,Flipbit
691,12,57.58,15.68,68,74.75,11.21,20.23,63.54,Tournament,Onepoint,Flipbit
692,13,66.69,9.58,71.77,74.74,13.12,15.42,61.62,Tournament,Onepoint,Flipbit
693,14,70.38,4.67,73.22,75.52,53.87,5.92,21.65,Tournament,Onepoint,Flipbit
694,15,61.4,17.98,74.26,75.69,12.25,22.91,63.44,Tournament,Onepoint,Flipbit
695,16,59.72,16.75,67.6,75.72,11.42,21.62,64.3,Tournament,Onepoint,Flipbit
696,17,70.82,4.11,73.02,75.75,61.5,4.55,14.25,Tournament,Onepoint,Flipbit
697,18,71.07,4.53,74.46,75.97,63.6,4.66,12.37,Tournament,Onepoint,Flipbit
698,19,69.04,9.1,75.46,76.25,22.8,14.42,53.45,Tournament,Onepoint,Flipbit
699,20,73.59,3.68,75.86,76.2,59.5,4.86,16.7,Tournament,Onepoint,Flipbit
700,1,21.8,5.98,21.88,33.55,9.71,7.41,23.84,Tournament,Onepoint,Gaussian
701,2,32.29,2.17,32.75,45.35,19.95,4.16,25.4,Tournament,Onepoint,Gaussian
702,3,33.66,3.39,32.53,45.35,21.15,5.23,24.2,Tournament,Onepoint,Gaussian
703,4,34.11,3.57,32.7,46.6,29.6,5.13,17,Tournament,Onepoint,Gaussian
704,5,37.47,7.47,35.4,46.9,21.15,8.32,25.75,Tournament,Onepoint,Gaussian
705,6,42.84,5.08,46.1,47.2,31.15,5.94,16.05,Tournament,Onepoint,Gaussian
706,7,42.21,5.74,46.6,46.9,32.2,6.08,14.7,Tournament,Onepoint,Gaussian
707,8,42.81,5.46,46.6,48.1,32.7,6,15.4,Tournament,Onepoint,Gaussian
708,9,43.94,4.26,46.6,46.6,32.7,5.32,13.9,Tournament,Onepoint,Gaussian
709,10,45.97,1.21,46.6,46.6,33.9,2.77,12.7,Tournament,Onepoint,Gaussian
710,11,46.6,0,46.6,46.6,46.6,0,0,Tournament,Onepoint,Gaussian
711,12,46.6,0,46.6,46.6,46.6,0,0,Tournament,Onepoint,Gaussian
712,13,46.6,0,46.6,46.6,46.6,0,0,Tournament,Onepoint,Gaussian
713,14,46.6,0,46.6,46.6,46.6,0,0,Tournament,Onepoint,Gaussian
714,15,46.6,0,46.6,46.6,46.6,0,0,Tournament,Onepoint,Gaussian
715,16,46.6,0,46.6,46.6,46.6,0,0,Tournament,Onepoint,Gaussian
716,17,46.16,0.96,46.6,47.75,36.6,2.21,11.15,Tournament,Onepoint,Gaussian
717,18,46.23,1.17,46.6,47.75,34.5,2.73,13.25,Tournament,Onepoint,Gaussian
718,19,47.46,0.43,47.75,47.75,46.6,0.5,1.15,Tournament,Onepoint,Gaussian
719,20,47.75,0,47.75,47.75,47.75,0,0,Tournament,Onepoint,Gaussian
